quite,6
party,3
click,4
slide,2
inlet,2
grown,5
gaunt,6
lefty,3
equip,5
brace,6
slide,2
party,3
wound,6
allay,2
sober,6
balmy,4
scare,5
abase,4
berth,4
fetal,5
fling,5
click,4
align,4
shorn,4
booty,4
flute,3
spite,4
grunt,4
solve,2
dough,4
crime,6
agape,5
shake,4
risky,3
spine,5
waste,6
since,4
bless,2
stool,2
voice,5
tabby,6
obese,5
glare,4
woman,4
needy,3
bible,4
total,3
probe,5
tramp,5
demur,4
petty,4
utter,6
berry,5
frail,5
taken,3
wrong,6
write,5
fetid,4
lousy,3
motor,4
cramp,4
joust,5
meter,4
hatch,4
women,5
synod,3
loopy,3
peach,4
sedan,2
enact,4
slate,2
froth,4
murky,6
dingy,4
manly,4
super,6
crept,3
wooer,5
joker,6
spiel,3
trout,4
wrote,5
itchy,4
plain,4
myrrh,4
eagle,3
these,3
crime,6
limit,4
wedge,4
wrote,5
frill,6
cried,5
index,4
madly,4
squad,4
shake,4
token,6
elder,2
dusty,3
