steps,4
anode,3
weamb,4
wordy,6
welch,3
purty,5
trads,6
slyer,6
outby,3
isles,4
quate,5
catty,6
spivs,6
vises,6
styme,4
ocker,6
gonof,4
lyses,6
annas,5
sensa,4
duans,6
carrs,6
modus,6
yexed,6
gonys,5
welks,6
ebony,3
bundy,6
cuzes,6
skyed,5
linky,5
memos,5
usury,5
doddy,6
arena,5
agile,4
smees,5
thali,3
muzzy,3
kilos,5
frere,5
empty,2
humas,5
fibre,4
advew,5
lefte,4
pains,6
seise,5
bowse,6
hosta,3
choky,3
boomy,4
poxed,6
tondi,5
salsa,2
mozes,6
dukes,6
chads,6
dauds,6
chica,5
whops,5
liana,4
ronte,5
divot,4
molds,6
ludic,3
hoing,6
pulse,3
carta,5
comfy,6
alcid,5
ashen,3
spado,3
roums,5
argil,4
clang,4
naker,6
stark,3
rants,6
rives,6
nobly,4
apply,3
cysts,5
coomy,5
teres,4
ender,6
sechs,6
ephor,5
visit,3
vodka,4
fucus,6
burse,6
doona,6
mimic,5
lipid,3
helio,6
moths,5
comal,5
pigmy,3
ouija,6
